date,sentiment_binary,classification,value,total_pnl,total_fees,num_trades,num_wins,num_closes,avg_trade_size,total_volume,num_longs,num_shorts,unique_traders,net_pnl,win_rate,long_short_ratio
2023-05-01,Greed,Greed,63,0.0,0.0,3,0,0,159.0,477.0,3,0,1,0.0,,
2023-12-05,Greed,Extreme Greed,75,0.0,12.501455,9,0,0,5556.203333333334,50005.83,7,2,1,-12.501455,,3.5
2023-12-14,Greed,Greed,72,-205.43473700000007,28.300831000000002,11,4,6,10291.213636363636,113203.35,7,4,1,-233.73556800000006,66.66666666666666,1.75
2023-12-15,Greed,Greed,70,-24.632033999999997,2.652489,2,0,2,5304.975,10609.95,0,2,1,-27.284522999999997,0.0,0.0
2023-12-16,Greed,Greed,67,0.0,3.8371890000000004,3,0,0,5116.256666666667,15348.77,3,0,1,-3.8371890000000004,,
2023-12-17,Greed,Greed,73,304.982785,29.069499,14,7,11,8305.572857142857,116278.02,14,0,1,275.91328599999997,63.63636363636363,
2023-12-18,Greed,Greed,65,0.0,7.791045,2,0,0,15582.089999999998,31164.179999999997,2,0,1,-7.791045,,
2023-12-19,Greed,Greed,73,1000.5386120000001,22.900596,15,10,10,6106.827333333334,91602.41,15,0,1,977.6380160000001,100.0,
2023-12-20,Greed,Greed,74,162.732282,35.409187,18,8,8,7868.710555555556,141636.79,18,0,1,127.323095,100.0,
2023-12-21,Greed,Greed,70,537.211402,31.308469,49,26,27,2555.795306122449,125233.97,49,0,1,505.902933,96.29629629629629,
2023-12-22,Greed,Greed,74,141.832675,22.218566000000003,10,2,2,8887.428,88874.28,10,0,1,119.61410899999998,100.0,
2023-12-23,Greed,Greed,70,146.936704,19.609555,13,8,8,6033.711538461538,78438.25,13,0,1,127.32714899999999,100.0,
2023-12-24,Greed,Greed,71,1008.619956,100.738715,39,15,17,10332.177948717948,402954.94,32,7,1,907.881241,88.23529411764706,4.571428571428571
2023-12-25,Greed,Greed,73,-245.081348,14.987124999999999,3,0,1,19982.836666666666,59948.51,3,0,1,-260.068473,0.0,
2023-12-27,Greed,Greed,73,-704.8892269999999,42.852747,28,4,13,6121.823571428571,171411.06,28,0,1,-747.7419739999999,30.76923076923077,
2023-12-28,Greed,Greed,73,-970.730876,25.0293,23,0,13,4352.923913043478,100117.25,23,0,1,-995.760176,0.0,
2023-12-29,Greed,Greed,65,508.92214299999995,142.389901,50,15,20,11391.1944,569559.72,37,13,1,366.53224199999994,75.0,2.8461538461538463
2023-12-30,Greed,Greed,68,354.998648,175.637526,52,23,33,13510.58096153846,702550.21,35,17,1,179.361122,69.6969696969697,2.0588235294117645
2024-01-01,Greed,Greed,65,-129.53146,66.059867,18,1,6,14679.973888888888,264239.52999999997,14,4,1,-195.591327,16.666666666666664,3.5
2024-01-02,Greed,Greed,71,783.979116,30.337176,17,8,9,7138.1611764705885,121348.74,0,17,1,753.64194,88.88888888888889,0.0
2024-01-03,Greed,Greed,70,866.015507,98.624811,67,28,35,5888.050149253731,394499.36,67,0,1,767.3906959999999,80.0,
2024-01-04,Greed,Greed,68,-67.60364,24.948132,5,0,3,19958.508,99792.54000000001,5,0,1,-92.551772,0.0,
2024-01-05,Greed,Greed,72,164.141565,425.985639,66,13,23,25817.31303030303,1703942.66,42,24,1,-261.844074,56.52173913043478,1.75
2024-01-06,Greed,Greed,70,135.58166400000002,74.630342,22,10,12,13569.154545454547,298521.4,19,3,1,60.95132200000002,83.33333333333334,6.333333333333333
2024-01-07,Greed,Greed,71,-835.681235,262.212464,97,9,37,10812.887216494846,1048850.06,79,18,1,-1097.893699,24.324324324324326,4.388888888888889
2024-01-08,Greed,Greed,71,-269.874439,380.613064,128,32,67,11894.159609375,1522452.43,81,47,1,-650.4875030000001,47.76119402985074,1.7234042553191489
2024-01-09,Greed,Extreme Greed,76,-826.349863,204.012928,70,18,28,12429.313857142857,870051.97,50,20,1,-1030.362791,64.28571428571429,2.5
2024-01-10,Greed,Greed,73,-1517.091342,434.044865,193,41,83,10660.515440414507,2057479.48,103,90,1,-1951.136207,49.39759036144578,1.1444444444444444
2024-01-11,Greed,Extreme Greed,76,-164.08950099999998,75.867171,21,5,9,14538.766666666666,305314.1,12,9,2,-239.95667199999997,55.55555555555556,1.3333333333333333
2024-01-12,Greed,Greed,71,-1925.519024,49.480726999999995,7,0,2,28583.181428571428,200082.27,7,0,1,-1974.9997509999998,0.0,
2024-01-15,Neutral,Neutral,52,152.85358,12.652712,14,9,9,3616.8642857142854,50636.1,14,0,2,140.20086799999999,100.0,
2024-01-16,Greed,Greed,64,-2299.171458,17.319309,9,3,5,12936.37,116427.33,9,0,2,-2316.490767,60.0,
2024-01-17,Greed,Greed,60,813.2741110000001,159.707606,53,11,19,15110.019433962265,800831.03,28,25,1,653.566505,57.89473684210527,1.12
2024-01-18,Greed,Greed,63,68.93319,92.657901,46,3,9,9231.120217391304,424631.52999999997,21,25,1,-23.724711,33.33333333333333,0.84
2024-01-19,Neutral,Neutral,51,-385.419235,93.051868,48,6,27,8925.603541666665,428428.97,32,17,2,-478.471103,22.22222222222222,1.8823529411764706
2024-01-20,Neutral,Neutral,52,-146.57487000000003,267.522583,106,15,32,10095.193490566038,1070090.51,62,44,1,-414.09745300000003,46.875,1.4090909090909092
2024-01-21,Greed,Greed,56,266.58114600000005,25.78243,11,3,5,9375.43090909091,103129.74,4,7,1,240.79871600000004,60.0,0.5714285714285714
2024-01-22,Greed,Greed,55,1375.640959,67.478268,85,23,41,3975.0469411764707,337878.99,50,35,2,1308.162691,56.09756097560976,1.4285714285714286
2024-01-23,Neutral,Neutral,50,-369.2447299999998,85.72457,45,11,20,9211.531777777778,414518.93000000005,27,18,1,-454.96929999999975,55.00000000000001,1.5
2024-01-24,Neutral,Neutral,48,-2808.353815,227.771095,68,10,40,14192.42044117647,965084.59,41,27,1,-3036.12491,25.0,1.5185185185185186
2024-01-25,Neutral,Neutral,52,-3093.6293849999997,16.641532,6,0,6,11094.355000000001,66566.13,6,0,1,-3110.270917,0.0,
2024-01-26,Neutral,Neutral,49,90.2,0.444235,5,1,1,2354.642,11773.21,5,0,2,89.755765,100.0,
2024-01-28,Neutral,Neutral,54,-2478.06972,-0.362176,11,0,11,1646.2754545454545,18109.03,11,0,1,-2477.707544,0.0,
2024-01-29,Greed,Greed,55,486.562542,103.26260500000001,74,45,45,5597.407837837838,414208.18,46,28,2,383.299937,100.0,1.6428571428571428
2024-01-30,Greed,Greed,61,-173.65419100000003,100.25281,49,5,19,8183.905714285715,401011.38,19,30,1,-273.90700100000004,26.31578947368421,0.6333333333333333
2024-01-31,Greed,Greed,60,-799.840817,1549.411475,859,231,436,7340.683504074505,6305647.13,408,453,1,-2349.252292,52.981651376146786,0.9006622516556292
2024-02-01,Greed,Greed,63,0.0,0.5020439999999999,6,0,0,334.69666666666666,2008.18,6,0,1,-0.5020439999999999,,
2024-02-02,Greed,Greed,63,456.423473,91.569636,42,13,21,11292.343571428572,474278.43,28,14,1,364.853837,61.904761904761905,2.0
2024-02-03,Greed,Greed,60,223.30918699999998,109.662349,56,6,12,10782.5,603820.0,18,38,1,113.64683799999997,50.0,0.47368421052631576
2024-02-04,Greed,Greed,60,47.62389499999999,50.52688,35,9,28,5805.358,203187.53,23,12,1,-2.902985000000008,32.142857142857146,1.9166666666666667
2024-02-05,Greed,Greed,60,-33.45419400000003,165.549465,72,14,32,10697.198055555556,770198.26,47,25,1,-199.00365900000003,43.75,1.88
2024-02-06,Greed,Greed,64,-215.615907,988.606997,1088,179,523,7396.280707720588,8047153.41,541,564,1,-1204.222904,34.22562141491396,0.9592198581560284
2024-02-07,Greed,Greed,62,241.24212,0.339693,15,2,2,450.582,6758.73,5,10,1,240.902427,100.0,0.5
2024-02-08,Greed,Greed,66,770.756024,3.0028870000000003,10,4,4,2605.112,26051.12,4,6,1,767.753137,100.0,0.6666666666666666
2024-02-11,Greed,Greed,71,983.443176,24.955292,34,7,7,6244.465294117647,212311.82,22,12,1,958.487884,100.0,1.8333333333333333
2024-02-12,Greed,Greed,70,913.8817869999998,27.111911,16,6,15,14202.981249999999,227247.69999999998,4,12,1,886.7698759999998,40.0,0.3333333333333333
2024-02-13,Greed,Extreme Greed,79,559.44389,-0.039992,14,14,14,142.85642857142858,1999.99,14,0,1,559.483882,100.0,
2024-02-14,Greed,Greed,74,3830.599833,22.917474000000002,111,83,84,2890.4493693693694,320839.88,74,37,2,3807.6823590000004,98.80952380952381,2.0
2024-02-15,Greed,Greed,72,1840.797677,30.706297,63,57,60,2939.4926984126987,185188.04,8,55,2,1810.09138,95.0,0.14545454545454545
2024-02-16,Greed,Greed,72,5491.768834,27.22517,182,146,146,3103.826978021978,564896.51,61,121,2,5464.543664000001,100.0,0.5041322314049587
2024-02-17,Greed,Extreme Greed,76,1929.6418,62.055053,94,61,65,4320.405,406118.07,69,25,2,1867.586747,93.84615384615384,2.76
2024-02-18,Greed,Greed,72,477.6248299999999,-3.140925,97,61,68,1619.0532989690723,157048.17,82,15,1,480.7657549999999,89.70588235294117,5.466666666666667
2024-02-19,Greed,Extreme Greed,75,4317.768563,14.85262,101,77,79,2835.417821782178,286377.2,57,45,2,4302.915943,97.46835443037975,1.2666666666666666
2024-02-20,Greed,Greed,72,3263.628824,3.073675,39,31,32,3062.0441025641026,119419.72,29,10,2,3260.555149,96.875,2.9
2024-02-21,Greed,Extreme Greed,78,1858.7985700000002,2.970629,22,15,15,4911.250909090909,108047.51999999999,22,0,2,1855.8279410000002,100.0,
2024-02-22,Greed,Greed,74,3894.1050699999996,25.45258,88,40,54,4239.02125,373033.87,88,2,2,3868.6524899999995,74.07407407407408,44.0
2024-02-23,Greed,Extreme Greed,76,1418.55293,-2.067069,143,137,138,776.966013986014,111106.14,11,132,1,1420.619999,99.27536231884058,0.08333333333333333
2024-02-25,Greed,Greed,74,-30.7705,-0.0896,5,0,2,896.0260000000001,4480.13,0,5,1,-30.680899999999998,0.0,0.0
2024-02-26,Greed,Greed,72,4416.8473,-0.09772499999999981,39,34,34,4927.875384615385,192187.14,9,30,2,4416.945025,100.0,0.3
2024-02-27,Greed,Extreme Greed,79,888.511733,-3.761609,63,26,42,3323.2111111111108,209362.3,23,40,2,892.2733420000001,61.904761904761905,0.575
2024-02-28,Greed,Extreme Greed,82,2503.747235,-1.377152,45,39,39,3802.380666666667,171107.13,12,33,1,2505.124387,100.0,0.36363636363636365
2024-02-29,Greed,Extreme Greed,80,9813.996992,1.3590849999999999,116,100,100,3410.9200862068965,395666.73,46,71,2,9812.637907,100.0,0.647887323943662
2024-03-01,Greed,Extreme Greed,80,8244.241409,-0.546854,137,128,128,3452.370072992701,472974.7,107,30,1,8244.788263,100.0,3.566666666666667
2024-03-02,Greed,Extreme Greed,80,230.90060000000005,-0.4691290000000001,31,21,28,2038.6309677419354,63197.56,2,29,2,231.36972900000006,75.0,0.06896551724137931
2024-03-03,Greed,Extreme Greed,83,8361.086245,-2.507103,79,54,54,4946.1478481012655,390745.68,60,19,1,8363.593348,100.0,3.1578947368421053
2024-03-04,Greed,Extreme Greed,82,27799.775742,-0.559449,300,266,270,5259.989566666667,1577996.87,149,151,2,27800.335191000002,98.51851851851852,0.9867549668874173
2024-03-05,Greed,Extreme Greed,90,19791.026041,-4.438459,180,163,163,4676.724,841810.32,132,48,1,19795.464500000002,100.0,2.75
2024-03-06,Greed,Extreme Greed,75,6814.825139,-3.355318,82,72,72,3990.4636585365856,327218.02,29,53,1,6818.1804569999995,100.0,0.5471698113207547
2024-03-08,Greed,Extreme Greed,81,4271.886236,-3.6716290000000003,67,59,59,2740.047462686567,183583.18,48,19,1,4275.557865000001,100.0,2.526315789473684
2024-03-09,Greed,Extreme Greed,84,9949.501624,1.8517640000000002,117,97,107,5625.459401709401,658178.75,26,91,1,9947.649860000001,90.65420560747664,0.2857142857142857
2024-03-10,Greed,Extreme Greed,79,2482.9272,2.281072,42,29,38,5237.472619047619,219973.85,0,42,1,2480.646128,76.31578947368422,0.0
2024-03-11,Greed,Extreme Greed,82,3588.179495,8.47289,42,39,39,4202.844047619047,176519.44999999998,29,13,1,3579.706605,100.0,2.230769230769231
2024-03-12,Greed,Extreme Greed,81,3039.166,4.945953,8,7,7,12880.10625,103040.85,8,0,1,3034.2200470000002,100.0,
2024-03-13,Greed,Extreme Greed,81,0.0,2.100278,7,0,0,857.2571428571428,6000.799999999999,7,0,1,-2.100278,,
2024-03-14,Greed,Extreme Greed,88,3465.865832,11.716792,18,16,16,11440.732222222221,205933.18,18,0,2,3454.14904,100.0,
2024-03-15,Greed,Extreme Greed,83,6236.513651,49.485003,62,41,41,5675.71629032258,351894.41,39,23,3,6187.028648,100.0,1.6956521739130435
2024-03-16,Greed,Extreme Greed,81,228.57984,10.52828,8,1,1,4652.9575,37223.66,6,2,2,218.05156,100.0,3.0
2024-03-17,Greed,Extreme Greed,79,503.293955,33.763329,23,10,10,4326.389130434783,99506.95,16,7,3,469.530626,100.0,2.2857142857142856
2024-03-18,Greed,Extreme Greed,77,1456.9577,24.943279999999998,19,6,6,4760.951578947369,90458.08,19,0,3,1432.01442,100.0,
2024-03-19,Greed,Extreme Greed,79,668.797973,25.988312,24,5,7,9161.868333333334,219884.84,14,10,3,642.809661,71.42857142857143,1.4
2024-03-20,Greed,Greed,74,6423.134599,39.878838,69,60,60,3126.171739130435,215705.85,45,24,2,6383.255761,100.0,1.875
2024-03-21,Greed,Extreme Greed,78,2335.5080749999997,16.394750000000002,28,23,23,4210.556071428572,117895.57,5,23,3,2319.113325,100.0,0.21739130434782608
2024-03-24,Greed,Greed,74,1297.018477,8.888837,19,15,15,4873.274210526315,92592.20999999999,0,19,1,1288.12964,100.0,0.0
2024-03-25,Greed,Extreme Greed,75,1302.916428,19.990712,7,6,6,8159.4742857142855,57116.32,6,1,1,1282.925716,100.0,6.0
2024-03-26,Greed,Extreme Greed,81,3215.906593,28.147402999999997,118,110,110,1682.7558474576272,198565.19,116,2,2,3187.75919,100.0,58.0
2024-03-27,Greed,Extreme Greed,83,150.41114,31.717952,38,12,19,2628.020789473684,99864.79,24,14,2,118.69318799999999,63.1578947368421,1.7142857142857142
2024-03-28,Greed,Extreme Greed,80,227.85100799999998,9.059229,13,9,9,2717.209230769231,35323.72,3,10,2,218.791779,100.0,0.3
2024-03-29,Greed,Extreme Greed,79,883.097404,30.420029999999997,15,6,6,5794.291333333333,86914.37,15,0,1,852.677374,100.0,
2024-03-30,Greed,Extreme Greed,75,1100.57514,9.939454,45,44,44,2246.753777777778,101103.92,45,0,1,1090.6356859999999,100.0,
2024-03-31,Greed,Extreme Greed,75,912.786145,13.969522000000001,13,10,10,3070.2276923076925,39912.96,10,3,1,898.816623,100.0,3.3333333333333335
2024-04-01,Greed,Extreme Greed,79,2507.963406,83.751362,77,42,43,4408.7074025974025,339470.47,69,9,2,2424.212044,97.67441860465115,7.666666666666667
2024-04-02,Greed,Extreme Greed,79,883.760812,80.13257399999999,41,12,12,5845.475853658536,239664.50999999998,16,25,2,803.628238,100.0,0.64
2024-04-03,Greed,Greed,71,126.7884,1.661201,4,1,1,4221.8925,16887.57,4,0,2,125.12719899999999,100.0,
2024-04-04,Greed,Greed,70,0.0,33.595684999999996,32,0,0,2999.6165625,95987.73,0,32,1,-33.595684999999996,,0.0
2024-04-05,Greed,Extreme Greed,79,10706.484306,103.430138,100,90,90,5037.918,503791.8,93,7,3,10603.054168,100.0,13.285714285714286
2024-04-06,Greed,Extreme Greed,75,236.33513399999998,23.878277,16,4,4,4263.979375,68223.67,4,12,1,212.45685699999999,100.0,0.3333333333333333
2024-04-07,Greed,Extreme Greed,78,0.0,17.495845,23,0,0,2173.397391304348,49988.14,0,23,1,-17.495845,,0.0
2024-04-08,Greed,Extreme Greed,76,1218.4267,61.790548,30,1,1,7064.688,211940.64,0,30,2,1156.636152,100.0,0.0
2024-04-09,Greed,Extreme Greed,80,0.0,19.972341,3,0,0,19021.280000000002,57063.840000000004,0,3,1,-19.972341,,0.0
2024-04-10,Greed,Extreme Greed,78,5207.443414,123.107562,41,36,36,8578.926097560974,351735.97,6,35,1,5084.335852,100.0,0.17142857142857143
2024-04-11,Greed,Extreme Greed,76,389.743164,26.740329,16,2,2,4775.06,76400.96,16,0,1,363.002835,100.0,
2024-04-12,Greed,Extreme Greed,79,-592.6458390000001,97.560875,129,71,101,3427.0433333333335,442088.59,114,15,3,-690.2067140000001,70.29702970297029,7.6
2024-04-13,Greed,Greed,72,6621.451755,118.999176,89,61,61,5465.294943820225,486411.25,63,26,2,6502.452579,100.0,2.423076923076923
2024-04-14,Greed,Greed,72,-36104.012520000004,213.477404,107,33,74,6160.394112149533,659162.17,80,27,2,-36317.489924,44.5945945945946,2.962962962962963
2024-04-15,Greed,Greed,74,3774.08872,40.650603999999994,41,35,35,7100.272926829269,291111.19,27,14,2,3733.4381160000003,100.0,1.9285714285714286
2024-04-16,Greed,Greed,65,2467.702221,18.457685,47,43,43,3870.3653191489366,181907.17,14,33,2,2449.244536,100.0,0.42424242424242425
2024-04-17,Greed,Greed,67,2441.4683999999997,10.620963,14,13,13,6968.785000000001,97562.99,0,14,1,2430.847437,100.0,0.0
2024-04-19,Greed,Greed,66,1946.4454620000001,118.04025999999999,35,27,27,9635.940571428573,337257.92000000004,32,3,1,1828.4052020000001,100.0,10.666666666666666
2024-04-20,Greed,Greed,66,0.0,121.289047,22,0,0,2760.601818181818,60733.24,20,2,2,-121.289047,,10.0
2024-04-22,Greed,Greed,73,0.0,16.797764,9,0,0,5332.623333333333,47993.61,0,9,1,-16.797764,,0.0
2024-04-23,Greed,Greed,71,1119.536196,71.308476,66,35,35,3531.1348484848486,233054.9,37,30,2,1048.22772,100.0,1.2333333333333334
2024-04-24,Greed,Greed,72,279.185907,49.446315999999996,20,6,7,7063.762,141275.24,20,0,1,229.739591,85.71428571428571,
2024-04-25,Greed,Greed,72,0.0,160.159512,74,0,0,1624.8785135135136,120241.01,74,0,2,-160.159512,,
2024-04-26,Greed,Greed,70,0.0,1.745898,3,0,0,1662.7633333333335,4988.290000000001,0,3,1,-1.745898,,0.0
2024-04-27,Greed,Greed,67,4281.488139,53.99255,27,19,19,5713.498888888889,154264.47,19,8,1,4227.495589,100.0,2.375
2024-04-28,Greed,Greed,65,0.0,15.394946,58,0,0,758.3724137931034,43985.6,0,58,2,-15.394946,,0.0
2024-04-29,Greed,Greed,67,526.9338359999999,38.04463,45,17,17,2415.5335555555553,108699.01,7,38,2,488.88920599999994,100.0,0.18421052631578946
2024-04-30,Greed,Greed,67,0.0,43.75655,24,0,0,5209.114583333333,125018.75,24,0,1,-43.75655,,
2024-05-01,Neutral,Neutral,54,0.0,30.458908,14,0,0,6216.103571428571,87025.45,14,0,1,-30.458908,,
2024-05-03,Neutral,Neutral,48,5306.017045,98.910681,36,17,19,7852.295833333333,282682.64999999997,18,18,3,5207.106363999999,89.47368421052632,1.0
2024-05-04,Greed,Greed,67,0.0,20.649559,9,0,0,6555.416666666667,58998.75,0,9,2,-20.649559,,0.0
2024-05-05,Greed,Greed,69,0.916,8.412778,6,1,1,4011.391666666667,24068.350000000002,0,6,2,-7.496777999999999,100.0,0.0
2024-05-06,Greed,Greed,71,968.59038,72.105746,9,4,4,22890.714444444442,206016.43,4,5,1,896.484634,100.0,0.8
2024-05-07,Greed,Greed,68,883.537693,38.039061,18,9,9,6039.865555555556,108717.58,5,13,3,845.498632,100.0,0.38461538461538464
2024-05-08,Greed,Greed,64,1.56576,23.076826,13,1,2,5074.89,65973.57,12,1,2,-21.511066,50.0,12.0
2024-05-09,Greed,Greed,55,1147.595856,77.688132,28,11,11,7927.361428571428,221966.12,20,8,2,1069.907724,100.0,2.5
2024-05-10,Greed,Greed,66,2101.741695,54.90869,22,6,6,7131.0,156882.0,10,12,1,2046.8330050000002,100.0,0.8333333333333334
2024-05-11,Neutral,Neutral,53,251.604742,22.137125,9,9,9,7027.661111111111,63248.95,9,0,1,229.467617,100.0,
2024-05-12,Greed,Greed,56,0.0,19.312829,23,0,0,2399.111304347826,55179.56,17,6,2,-19.312829,,2.8333333333333335
2024-05-13,Greed,Greed,57,2136.853859,67.591599,28,10,10,6897.103571428571,193118.9,15,13,2,2069.26226,100.0,1.1538461538461537
2024-05-14,Greed,Greed,66,1150.5233050000002,51.048685,23,4,4,6341.452173913043,145853.4,19,4,1,1099.4746200000002,100.0,4.75
2024-05-15,Greed,Greed,64,948.970582,82.222887,36,17,17,6525.626944444444,234922.57,24,12,1,866.747695,100.0,2.0
2024-05-16,Greed,Greed,70,214.5898,56.91732,27,5,5,6022.998518518518,162620.96,9,18,2,157.67248,100.0,0.5
2024-05-18,Greed,Greed,73,3522.3946610000003,44.206092,25,16,16,5052.1256,126303.14,9,16,1,3478.1885690000004,100.0,0.5625
2024-05-19,Greed,Greed,72,0.0,10.499327000000001,8,0,0,3749.76125,29998.09,8,0,1,-10.499327000000001,,
2024-05-20,Greed,Greed,70,-74.818442,13.343662,10,0,3,3812.475,38124.75,10,0,2,-88.162104,0.0,
2024-05-21,Greed,Extreme Greed,76,7289.397571999999,385.331944,125,14,25,8807.588720000002,1100948.59,32,93,2,6904.0656279999985,56.00000000000001,0.34408602150537637
2024-05-22,Greed,Extreme Greed,76,0.0,15.748349000000001,6,0,0,7499.215,44995.29,0,6,1,-15.748349000000001,,0.0
2024-05-23,Greed,Extreme Greed,76,413.347329,113.43007899999999,325,145,156,1236.4633846153845,401850.6,90,236,3,299.91725,92.94871794871796,0.3813559322033898
2024-05-24,Greed,Greed,74,821.949278,17.784165,2,2,2,25405.949999999997,50811.899999999994,2,0,1,804.165113,100.0,
2024-05-25,Greed,Extreme Greed,76,14.126038999999999,10.246887000000001,16,5,5,1874.4456249999998,29991.129999999997,2,14,2,3.8791519999999977,100.0,0.14285714285714285
2024-05-26,Greed,Extreme Greed,75,778.6839,18.768190999999998,16,4,4,3373.541875,53976.67,2,14,2,759.915709,100.0,0.14285714285714285
2024-05-27,Greed,Greed,74,1129.35587,45.832466,251,90,93,602.0546613545816,151115.72,0,251,1,1083.523404,96.7741935483871,0.0
2024-05-29,Greed,Greed,72,277.791953,36.876599,164,68,71,513.8339024390243,84268.76,20,144,2,240.91535399999998,95.77464788732394,0.1388888888888889
2024-05-30,Greed,Greed,73,20.951433,0.993326,7,5,5,405.4414285714286,2838.09,0,7,1,19.958107000000002,100.0,0.0
2024-05-31,Greed,Greed,73,25.35812,1.272646,13,4,4,279.70307692307694,3636.14,0,13,1,24.085473999999998,100.0,0.0
2024-06-01,Greed,Greed,72,91.510419,4.492106,25,9,9,513.3848,12834.62,0,25,1,87.018313,100.0,0.0
2024-06-02,Greed,Greed,73,192.906947,7.792912,93,34,34,316.822688172043,29464.51,0,93,1,185.114035,100.0,0.0
2024-06-03,Greed,Greed,73,562.808208,5.378086,70,44,44,306.66942857142857,21466.86,0,70,1,557.430122,100.0,0.0
2024-06-04,Greed,Greed,73,52.211438,7.432953,53,25,25,457.42283018867926,24243.41,0,53,1,44.778485,100.0,0.0
2024-06-05,Greed,Extreme Greed,75,56.055506,7.1040600000000005,54,16,17,469.4587037037037,25350.77,0,54,1,48.951446000000004,94.11764705882352,0.0
2024-06-06,Greed,Extreme Greed,78,274.173187,37.079424,234,100,102,587.8536752136753,137557.76,2,232,1,237.09376299999997,98.0392156862745,0.008620689655172414
2024-06-07,Greed,Extreme Greed,77,8902.467416,372.962664,440,176,178,2496.7926363636366,1098588.76,133,307,3,8529.504751999999,98.87640449438202,0.43322475570032576
2024-06-08,Greed,Greed,72,129.13883900000002,34.073137,29,8,8,3356.961379310345,97351.88,29,0,2,95.06570200000002,100.0,
2024-06-09,Greed,Extreme Greed,75,0.0,7.515775,17,0,0,1318.2482352941176,22410.22,17,0,2,-7.515775,,
2024-06-10,Greed,Greed,72,31.266804999999998,14.696328000000001,53,18,18,879.0175471698113,46587.93,4,49,2,16.570476999999997,100.0,0.08163265306122448
2024-06-11,Greed,Greed,74,4320.631811,129.928213,123,17,17,3034.7960975609753,373279.92,115,8,3,4190.703598,100.0,14.375
2024-06-12,Greed,Greed,72,-21886.531493,63.921417,254,21,78,761.4486614173228,193407.96,37,217,2,-21950.45291,26.923076923076923,0.17050691244239632
2024-06-13,Greed,Greed,70,6632.757115,33.39975,79,19,20,1678.1926582278481,132577.22,62,17,2,6599.357365000001,95.0,3.6470588235294117
2024-06-14,Greed,Greed,74,10258.592609,38.954076,31,15,15,4511.892258064517,139868.66,16,15,2,10219.638533,100.0,1.0666666666666667
2024-06-15,Greed,Greed,74,3369.958346,251.422549,78,38,38,9209.61858974359,718350.25,47,31,2,3118.535797,100.0,1.5161290322580645
2024-06-16,Greed,Greed,71,0.0,8.832277,11,0,0,2294.0981818181817,25235.079999999998,0,11,1,-8.832277,,0.0
2024-06-17,Greed,Greed,71,10599.502375,128.93302500000001,38,25,26,9694.213684210526,368380.12,14,24,2,10470.56935,96.15384615384616,0.5833333333333334
2024-06-18,Greed,Greed,74,282.57636,67.160258,25,4,4,10532.5916,263314.79,25,0,2,215.41610200000002,100.0,
2024-06-19,Greed,Greed,64,4887.656944,138.851743,61,31,31,6837.231475409836,417071.12,34,27,3,4748.805201,100.0,1.2592592592592593
2024-06-20,Greed,Greed,60,57478.456026,13.46905,39,8,8,5333.097435897435,207990.8,0,31,3,57464.986976,100.0,0.0
2024-06-21,Greed,Greed,63,773.5582039999999,61.277099,80,3,3,2203.306125,176264.49,65,15,2,712.2811049999999,100.0,4.333333333333333
2024-06-22,Neutral,Neutral,53,756.876565,40.533382,24,8,8,7066.427916666667,169594.27000000002,12,12,2,716.3431830000001,100.0,1.0
2024-06-23,Greed,Greed,55,0.0,0.17921199999999998,5,0,0,358.424,1792.12,0,5,1,-0.17921199999999998,,0.0
2024-06-24,Neutral,Neutral,51,0.0,103.551001,31,0,0,13000.090322580645,403002.8,25,6,2,-103.551001,,4.166666666666667
2024-06-25,Fear,Fear,30,4869.353105,36.084651,49,11,11,2104.062857142857,103099.08,0,49,1,4833.268454,100.0,0.0
2024-06-26,Neutral,Neutral,46,4197.732182,127.5543,72,21,21,5072.092500000001,365190.66000000003,62,10,2,4070.177882,100.0,6.2
2024-06-27,Fear,Fear,40,0.0,45.556012,30,0,0,4349.565,130486.95,12,18,2,-45.556012,,0.6666666666666666
2024-06-29,Fear,Fear,30,6150.326145,460.295231,75,24,24,3734.6014666666665,280095.11,13,62,2,5690.030914,100.0,0.20967741935483872
2024-06-30,Neutral,Neutral,47,0.0,17.057669,14,0,0,2180.049285714286,30520.69,5,9,2,-17.057669,,0.5555555555555556
2024-07-01,Neutral,Neutral,53,5065.839308,425.323025,64,26,26,5666.721093749999,362670.14999999997,26,38,2,4640.516283,100.0,0.6842105263157895
2024-07-02,Neutral,Neutral,51,2421.253116,11.458730000000001,18,13,13,1852.6372222222224,33347.47,5,13,1,2409.794386,100.0,0.38461538461538464
2024-07-03,Neutral,Neutral,50,1118.387284,62.628682,18,4,4,9977.814444444444,179600.66,14,4,2,1055.7586019999999,100.0,3.5
2024-07-04,Fear,Fear,44,0.0,113.02464499999999,25,0,0,17222.720400000002,430568.01,25,0,2,-113.02464499999999,,
2024-07-05,Fear,Fear,29,0.0,95.130717,32,0,0,8509.0590625,272289.89,32,0,2,-95.130717,,
2024-07-06,Fear,Fear,26,108.87217799999999,344.35416,24,7,7,103.75708333333334,2490.17,17,7,1,-235.481982,100.0,2.4285714285714284
2024-07-07,Fear,Fear,29,61.428942,0.049875,10,10,10,49.875,498.75,0,10,1,61.379067,100.0,0.0
2024-07-08,Fear,Fear,28,0.0,0.0156,1,0,0,497.64,497.64,1,0,1,-0.0156,,
2024-07-09,Fear,Fear,27,648.984412,0.39756800000000003,15,15,15,182.42999999999998,2736.45,0,15,1,648.586844,100.0,0.0
2024-07-10,Fear,Fear,28,11977.734907,240.76504,56,38,38,12283.93232142857,687900.21,43,13,2,11736.969867,100.0,3.3076923076923075
2024-07-11,Fear,Fear,29,1876.812082,59.460443,19,9,9,8941.422105263156,169887.02,19,0,1,1817.351639,100.0,
2024-07-12,Fear,Fear,25,1412.314654,31.354029,19,9,9,4714.893157894737,89582.97,10,9,2,1380.960625,100.0,1.1111111111111112
2024-07-13,Fear,Fear,25,2913.617837,48.71621,17,17,17,8187.599411764706,139189.19,13,4,2,2864.9016269999997,100.0,3.25
2024-07-14,Fear,Fear,33,0.0,29.400389,7,0,0,12000.16142857143,84001.13,0,7,1,-29.400389,,0.0
2024-07-15,Neutral,Neutral,52,-1.0,68.995769,26,0,2,7628.6480769230775,198344.85,0,26,2,-69.995769,0.0,0.0
2024-07-16,Greed,Greed,65,0.0,50.400180999999996,22,0,0,6545.480454545454,144000.57,0,22,1,-50.400180999999996,,0.0
2024-07-17,Greed,Greed,69,1859.269477,206.601913,351,145,155,1783.4915384615385,626005.53,0,351,3,1652.667564,93.54838709677419,0.0
2024-07-18,Greed,Greed,61,3803.884311,227.396664,60,48,48,10828.414166666666,649704.85,12,48,2,3576.487647,100.0,0.25
2024-07-19,Greed,Greed,60,2155.891114,52.594288,23,12,12,6533.453043478262,150269.42,13,10,2,2103.2968260000002,100.0,1.3
2024-07-20,Greed,Greed,74,2299.169566,80.758418,266,33,36,918.65492481203,244362.21,5,261,2,2218.411148,91.66666666666666,0.019157088122605363
2024-07-21,Greed,Greed,74,-2960.716887,64.72334,448,21,236,523.0077232142856,234307.46,3,445,2,-3025.440227,8.898305084745763,0.006741573033707865
2024-07-22,Greed,Greed,70,1517.119876,97.459536,154,22,106,1975.4142857142856,304213.8,14,141,2,1419.66034,20.754716981132077,0.09929078014184398
2024-07-23,Greed,Greed,71,89890.302206,59.243126000000004,370,329,364,968.9906486486486,358526.54,231,139,3,89831.05907999999,90.38461538461539,1.6618705035971224
2024-07-24,Greed,Greed,69,625.561479,55.067279,90,18,18,768.977,69207.93,36,27,5,570.4942,100.0,1.3333333333333333
2024-07-25,Greed,Greed,68,916.7382600000001,224.185916,78,10,10,6776.350128205129,528555.31,67,10,3,692.5523440000001,100.0,6.7
2024-07-26,Greed,Greed,68,2766.513113,206.567015,152,61,61,3609.1292763157894,548587.65,40,111,4,2559.946098,100.0,0.36036036036036034
2024-07-27,Greed,Greed,72,6400.623656,316.819894,57,42,42,15880.697368421053,905199.75,51,5,2,6083.803762,100.0,10.2
2024-07-28,Greed,Greed,71,587.29903,15.139122,16,12,12,2703.4175,43254.68,3,13,2,572.159908,100.0,0.23076923076923078
2024-07-29,Greed,Greed,74,330.80445399999996,114.519684,39,16,16,8389.72153846154,327199.14,28,11,2,216.28476999999998,100.0,2.5454545454545454
2024-07-30,Greed,Greed,67,0.0,12.602264,6,0,0,6001.078333333334,36006.47,6,0,1,-12.602264,,
2024-07-31,Greed,Greed,61,765.690884,29.577267000000003,43,14,14,1965.2683720930231,84506.54,3,40,2,736.113617,100.0,0.075
2024-08-01,Neutral,Neutral,52,167.080017,108.095036,57,4,7,3996.044385964912,227774.53,52,4,4,58.984981000000005,57.14285714285714,13.0
2024-08-02,Greed,Greed,57,782.3681909999999,145.520462,63,17,17,6290.799523809524,396320.37,59,3,3,636.8477289999998,100.0,19.666666666666668
2024-08-03,Fear,Fear,37,464.1897,108.653106,37,1,1,7852.239459459459,290532.86,35,1,5,355.53659400000004,100.0,35.0
2024-08-04,Fear,Fear,34,-122672.000883,445.902235,127,3,65,9509.795826771655,1207744.07,125,0,5,-123117.903118,4.615384615384616,
2024-08-05,Fear,Fear,26,-13013.665169,202.719158,80,33,38,5256.1925,420495.4,52,28,4,-13216.384327,86.8421052631579,1.8571428571428572
2024-08-06,Fear,Extreme Fear,17,267.318048,62.621279,107,13,26,574.5642990654205,61478.38,76,31,2,204.69676899999996,50.0,2.4516129032258065
2024-08-07,Fear,Fear,29,188.789255,3.7522038,33,10,10,75.53848484848484,2492.77,12,10,3,185.0370512,100.0,1.2
2024-08-08,Fear,Extreme Fear,20,-40.712216999999995,6.647995,9,0,3,1811.038888888889,16299.35,5,3,2,-47.360212,0.0,1.6666666666666667
2024-08-09,Neutral,Neutral,48,18082.071276,185.25438068,144,43,58,3494.4781944444444,503204.86,62,81,5,17896.81689532,74.13793103448276,0.7654320987654321
2024-08-10,Fear,Fear,40,0.0,50.0831879,88,0,0,128.8555681818182,11339.29,87,0,2,-50.0831879,,
2024-08-11,Fear,Fear,39,847.7766200000001,40.931287,24,4,4,1842.9254166666667,44230.21,20,4,2,806.8453330000001,100.0,5.0
2024-08-12,Fear,Fear,25,858.6705000000001,36.071895,48,6,6,1128.4858333333334,54167.32,33,14,3,822.598605,100.0,2.357142857142857
2024-08-13,Fear,Fear,31,212.08102,17.932876999999998,23,8,8,904.2552173913043,20797.87,12,8,3,194.148143,100.0,1.5
2024-08-14,Fear,Fear,30,2168.9015130000003,46.493106,25,5,5,2668.4012,66710.03,24,0,3,2122.4084070000004,100.0,
2024-08-15,Fear,Fear,29,0.0,16.50261,12,0,0,126.86416666666668,1522.3700000000001,12,0,1,-16.50261,,
2024-08-16,Fear,Fear,27,825.230544,81.187942,35,3,3,4753.795428571429,166382.84,35,0,2,744.042602,100.0,
2024-08-17,Fear,Fear,25,-288.283113,17.096539,30,0,1,1008.2986666666667,30248.96,29,1,2,-305.379652,0.0,29.0
2024-08-18,Fear,Fear,31,307.201888,21.981557000000002,15,12,12,4186.965333333334,62804.48,12,2,2,285.220331,100.0,6.0
2024-08-19,Fear,Fear,28,339.69958299999996,35.110258,8,5,5,12539.37875,100315.03,8,0,1,304.589325,100.0,
2024-08-20,Fear,Fear,30,192.602844,17.470174,12,1,1,4159.566666666667,49914.8,4,8,2,175.13267000000002,100.0,0.5
2024-08-21,Fear,Fear,26,656.200925,36.746583,145,54,54,724.0717931034483,104990.41,2,143,2,619.454342,100.0,0.013986013986013986
2024-08-23,Fear,Fear,34,1005.30527,22.228341999999998,10,3,3,6350.956,63509.56,3,7,1,983.076928,100.0,0.42857142857142855
2024-08-24,Greed,Greed,56,0.0,12.249882,7,0,0,4999.952857142857,34999.67,0,7,2,-12.249882,,0.0
2024-08-25,Neutral,Neutral,54,0.0,26.303603,17,0,0,1291.1929411764704,21950.28,8,9,2,-26.303603,,0.8888888888888888
2024-08-26,Greed,Greed,55,231.236918,32.302932,6,2,2,15435.211666666668,92611.27,4,2,2,198.933986,100.0,2.0
2024-08-27,Neutral,Neutral,48,0.0,52.053552,50,0,0,1405.0032,70250.16,49,0,2,-52.053552,,
2024-08-28,Fear,Fear,30,1333.359645,24.906026,9,2,2,7906.674444444444,71160.06999999999,7,2,2,1308.453619,100.0,3.5
2024-08-29,Fear,Fear,29,0.0,3.498547,1,0,0,9995.85,9995.85,0,1,1,-3.498547,,0.0
2024-08-30,Fear,Fear,34,256.464,13.031175999999999,6,1,1,6205.54,37233.24,3,1,4,243.432824,100.0,3.0
2024-08-31,Fear,Fear,29,10.882801,39.955315,34,12,13,3161.983235294118,107507.43000000001,9,24,3,-29.072513999999998,92.3076923076923,0.375
2024-09-01,Fear,Fear,26,137.433093,4.325861,12,5,5,1029.9733333333334,12359.68,4,7,1,133.107232,100.0,0.5714285714285714
2024-09-02,Fear,Fear,26,0.0,10.500148,2,0,0,15000.21,30000.42,2,0,1,-10.500148,,
2024-09-04,Fear,Fear,27,1065.785132,63.570226999999996,34,5,8,3867.0873529411765,131480.97,29,5,2,1002.2149049999999,62.5,5.8
2024-09-05,Fear,Fear,29,0.0,0.0,1,0,0,0.84,0.84,0,0,1,0.0,,
2024-09-06,Fear,Extreme Fear,22,-1104.856765,13.666476,42,0,38,929.6928571428571,39047.1,4,38,2,-1118.523241,0.0,0.10526315789473684
2024-09-08,Fear,Fear,29,0.0,0.0,1,0,0,0.11,0.11,0,0,1,0.0,,
2024-09-09,Fear,Fear,26,0.0,34.9079,2,0,0,2007.2150000000001,4014.4300000000003,2,0,1,-34.9079,,
2024-09-10,Fear,Fear,33,-219.729659,7.2904,3,0,2,849.0933333333334,2547.28,3,0,2,-227.020059,0.0,
2024-09-11,Fear,Fear,37,0.0,0.0,1,0,0,0.54,0.54,0,0,1,0.0,,
2024-09-14,Neutral,Neutral,50,0.0,30.381330000000002,11,0,0,92.25454545454546,1014.8000000000001,10,0,2,-30.381330000000002,,
2024-09-18,Neutral,Neutral,45,-878.684794,31.732943,145,0,134,94.02413793103449,13633.5,11,134,1,-910.417737,0.0,0.08208955223880597
2024-09-19,Neutral,Neutral,49,0.0,28.60766,19,0,0,80.09842105263158,1521.8700000000001,19,0,1,-28.60766,,
2024-09-20,Neutral,Neutral,54,9585.03428,109.317031,16,8,9,20804.58625,332873.38,12,4,2,9475.717249,88.88888888888889,3.0
2024-09-21,Neutral,Neutral,54,36165.56933,57.976841,23,23,23,7202.092173913044,165648.12,23,0,1,36107.592488999995,100.0,
2024-09-22,Neutral,Neutral,52,0.0,6.999907,3,0,0,6666.579999999999,19999.739999999998,3,0,1,-6.999907,,
2024-09-23,Neutral,Neutral,50,334.760796,14.117002000000001,2,1,1,20167.145,40334.29,2,0,1,320.643794,100.0,
2024-09-24,Neutral,Neutral,54,0.0,12.966142,10,0,0,711.863,7118.63,9,1,2,-12.966142,,9.0
2024-09-25,Greed,Greed,59,0.0,17.764677,9,0,0,5861.570000000001,52754.130000000005,6,3,2,-17.764677,,2.0
2024-09-26,Neutral,Neutral,50,439.812513,31.348204,8,2,2,14213.991250000001,113711.93000000001,2,6,2,408.464309,100.0,0.3333333333333333
2024-09-27,Greed,Greed,61,0.0,37.503311,56,0,0,2251.732857142857,126097.04,0,56,2,-37.503311,,0.0
2024-09-28,Greed,Greed,64,0.0,2.8031200000000003,4,0,0,7299.8025,29199.21,0,4,1,-2.8031200000000003,,0.0
2024-09-30,Greed,Greed,61,2710.626288,65.637576,106,5,5,2025.1872641509435,214669.85,5,101,2,2644.988712,100.0,0.04950495049504951
2024-10-01,Neutral,Neutral,50,0.0,48.98401,4,0,0,34988.58,139954.32,4,0,1,-48.98401,,
2024-10-02,Fear,Fear,42,0.0,34.984016999999994,4,0,0,24988.585,99954.34,4,0,1,-34.984016999999994,,
2024-10-03,Fear,Fear,37,100.375782,46.527491000000005,9,3,3,14770.632222222222,132935.69,9,0,2,53.848290999999996,100.0,
2024-10-04,Fear,Fear,41,0.0,0.0,1,0,0,0.34,0.34,0,0,1,0.0,,
2024-10-05,Neutral,Neutral,49,5767.161892,211.961771,37,24,24,16367.722702702702,605605.74,31,5,2,5555.200121,100.0,6.2
2024-10-06,Neutral,Neutral,50,130.487079,105.045693,22,5,5,13642.298181818182,300130.56,11,11,1,25.441385999999994,100.0,1.0
2024-10-07,Neutral,Neutral,50,0.0,76.994616,21,0,0,10475.459523809524,219984.65,0,21,1,-76.994616,,0.0
2024-10-08,Neutral,Neutral,49,5396.546638,152.10422,36,33,33,12071.781388888889,434584.13,1,33,2,5244.442418,100.0,0.030303030303030304
2024-10-09,Neutral,Neutral,49,396.06272,77.139967,14,3,3,15742.852142857142,220399.93,14,0,1,318.922753,100.0,
2024-10-10,Fear,Fear,39,0.0,105.00851,16,0,0,18751.521249999998,300024.33999999997,16,0,1,-105.00851,,
2024-10-11,Fear,Fear,32,8885.327477,171.116194,26,18,18,18804.007307692307,488904.19,18,7,2,8714.211283,100.0,2.5714285714285716
2024-10-12,Neutral,Neutral,49,541.55471,55.899685,10,7,7,15971.34,159713.4,2,8,1,485.655025,100.0,0.25
2024-10-13,Neutral,Neutral,50,0.0,21.000841,10,0,0,6000.242,60002.42,10,0,1,-21.000841,,
2024-10-14,Neutral,Neutral,48,1913.61958,21.670604,5,5,5,12383.204000000002,61916.020000000004,5,0,1,1891.9489760000001,100.0,
2024-10-15,Greed,Greed,65,1170.2260760000001,28.410673,7,4,4,11596.194285714286,81173.36,7,0,1,1141.815403,100.0,
2024-10-16,Greed,Greed,73,219.480876,28.080204000000002,11,3,3,7293.560909090909,80229.17,11,0,1,191.400672,100.0,
2024-10-17,Greed,Greed,71,36.11496,49.186107,9,1,2,15614.638888888889,140531.75,9,0,2,-13.071146999999996,50.0,
2024-10-18,Greed,Greed,73,333.219141,42.115998,6,5,5,20055.238333333335,120331.43000000001,6,0,1,291.103143,100.0,
2024-10-19,Greed,Greed,72,0.0,34.998901000000004,4,0,0,24999.215,99996.86,4,0,1,-34.998901000000004,,
2024-10-20,Greed,Greed,73,389.155797,59.257459,96,11,11,1837.9985416666668,176447.86000000002,6,90,2,329.898338,100.0,0.06666666666666667
2024-10-21,Greed,Greed,72,2464.915564,109.858043,173,68,68,1873.5143930635838,324117.99,11,162,2,2355.0575209999997,100.0,0.06790123456790123
2024-10-22,Greed,Greed,70,0.0,21.000124,3,0,0,20000.12,60000.36,3,0,1,-21.000124,,
2024-10-23,Greed,Greed,71,-46.489941,73.502111,18,0,3,11667.003888888888,210006.07,18,0,1,-119.992052,0.0,
2024-10-25,Greed,Greed,72,13235.862071,143.841914,30,21,21,14262.772666666666,427883.18,25,5,2,13092.020156999999,100.0,5.0
2024-10-27,Greed,Greed,74,666.6623079999999,31.73254,4,3,3,22666.1025,90664.41,3,1,1,634.929768,100.0,3.0
2024-10-28,Greed,Greed,72,167.28016200000002,42.27334,13,4,4,9345.788461538461,121495.25,1,12,2,125.00682200000003,100.0,0.08333333333333333
2024-10-29,Greed,Greed,72,801.170876,214.643714,53,3,3,11571.09075471698,613267.8099999999,0,53,2,586.5271620000001,100.0,0.0
2024-10-30,Greed,Extreme Greed,77,9.150023,3.596988,25,7,8,473.23400000000004,11830.85,0,25,1,5.5530349999999995,87.5,0.0
2024-10-31,Greed,Extreme Greed,77,1214.043811,312.710928,48,34,37,18670.278333333332,896173.36,11,37,3,901.332883,91.8918918918919,0.2972972972972973
2024-11-01,Greed,Extreme Greed,75,1040.475736,90.654875,23,6,10,11347.001304347827,260981.03,23,0,2,949.8208610000001,60.0,
2024-11-02,Greed,Greed,72,0.0,13.999997,2,0,0,20000.0,40000.0,2,0,1,-13.999997,,
2024-11-03,Greed,Greed,74,0.0,40.404152,6,0,0,21509.27666666667,129055.66,6,0,2,-40.404152,,
2024-11-04,Greed,Greed,70,2799.410474,158.13418000000001,36,23,23,12550.332499999999,451811.97,36,0,2,2641.276294,100.0,
2024-11-05,Greed,Greed,70,678.4759280000001,70.219524,10,5,5,20062.723,200627.23,10,0,1,608.2564040000001,100.0,
2024-11-06,Greed,Greed,70,2817.83723,43.36741,15,7,9,8260.46,123906.9,15,0,2,2774.4698200000003,77.77777777777779,
2024-11-07,Greed,Extreme Greed,77,4493.353136,26.17844238,113,60,60,985.2681415929204,111335.3,65,48,3,4467.17469362,100.0,1.3541666666666667
2024-11-08,Greed,Extreme Greed,75,-64.41354100000007,93.87825699999999,39,6,16,6941.036923076923,270700.44,39,0,2,-158.29179800000006,37.5,
2024-11-09,Greed,Extreme Greed,75,102.90894,66.18450299999999,86,19,44,2248.655930232558,193384.41,9,77,2,36.72443700000001,43.18181818181818,0.11688311688311688
2024-11-10,Greed,Extreme Greed,78,991.114334,142.313546,173,51,51,2390.963583815029,413636.7,9,164,3,848.800788,100.0,0.054878048780487805
2024-11-11,Greed,Extreme Greed,76,6749.630996,396.91055,373,92,96,4210.649919571046,1570572.42,24,349,4,6352.720446,95.83333333333334,0.06876790830945559
2024-11-12,Greed,Extreme Greed,80,3494.399394,427.904853,171,34,42,7171.663859649123,1226354.52,80,91,4,3066.494541,80.95238095238095,0.8791208791208791
2024-11-13,Greed,Extreme Greed,84,7846.402274,179.184068,48,27,32,10736.174375,515336.37,44,4,5,7667.2182060000005,84.375,11.0
2024-11-14,Greed,Extreme Greed,88,4563.509225,335.028802,110,28,28,9166.925545454545,1008361.81,110,0,2,4228.480423,100.0,
2024-11-15,Greed,Extreme Greed,80,4140.740438,466.427513,149,55,55,9582.942416107382,1427858.42,116,33,4,3674.3129249999997,100.0,3.515151515151515
2024-11-16,Greed,Extreme Greed,86,2769.521909,100.171303,157,48,58,1931.822101910828,303296.07,81,76,4,2669.350606,82.75862068965517,1.0657894736842106
2024-11-17,Greed,Extreme Greed,90,882.975285,271.111689,209,49,62,5818.122344497608,1215987.57,66,145,4,611.8635959999999,79.03225806451613,0.45517241379310347
2024-11-18,Greed,Extreme Greed,83,4470.815187,445.104339,346,124,156,6024.102832369942,2084339.58,160,189,7,4025.710848,79.48717948717949,0.8465608465608465
2024-11-19,Greed,Extreme Greed,90,2958.268991,201.486933,305,150,167,2059.118524590164,628031.15,156,150,5,2756.782058,89.82035928143712,1.04
2024-11-20,Greed,Extreme Greed,83,4210.0928969999995,644.057369,550,219,299,3635.480218181818,1999514.1199999999,433,117,5,3566.0355279999994,73.24414715719062,3.700854700854701
2024-11-21,Greed,Extreme Greed,82,1692.430891,198.628267,535,165,255,1118.3189158878504,598300.62,395,142,5,1493.802624,64.70588235294117,2.7816901408450705
2024-11-22,Greed,Extreme Greed,94,-18105.345617,436.439059,679,209,352,2425.2041531664213,1646713.62,428,252,6,-18541.784676,59.375,1.6984126984126984
2024-11-23,Greed,Extreme Greed,93,2901.531638,154.621867,363,128,149,1422.1644077134986,516245.68,126,237,4,2746.909771,85.90604026845638,0.5316455696202531
2024-11-24,Greed,Extreme Greed,80,945.550386,202.583126,172,46,61,3866.001627906977,664952.28,70,102,3,742.96726,75.40983606557377,0.6862745098039216
2024-11-25,Greed,Extreme Greed,82,5523.740734,283.779701,255,105,149,3676.1210588235294,937410.87,132,123,2,5239.961033,70.46979865771812,1.0731707317073171
2024-11-26,Greed,Extreme Greed,79,1094.809359,311.298478,302,88,128,3797.6901986754965,1146902.44,224,78,4,783.5108810000002,68.75,2.871794871794872
2024-11-27,Greed,Extreme Greed,75,-2654.495633,439.714536,213,74,130,6780.481361502348,1444242.53,142,71,2,-3094.210169,56.92307692307692,2.0
2024-11-28,Greed,Extreme Greed,77,-127075.39958499999,315.582009,332,109,228,5705.497439759036,1894225.15,161,171,5,-127390.981594,47.80701754385965,0.9415204678362573
2024-11-29,Greed,Extreme Greed,78,176844.994152,192.45173557,393,192,209,2021.0252162849874,794262.91,158,235,11,176652.54241643,91.86602870813397,0.6723404255319149
2024-11-30,Greed,Extreme Greed,84,37316.69352,552.3753395,373,157,173,4643.950938337802,1732193.7,79,287,8,36764.3181805,90.7514450867052,0.27526132404181186
2024-12-01,Greed,Extreme Greed,81,40886.364494,245.38375138,416,221,232,1958.441875,814711.82,102,313,9,40640.98074262,95.25862068965517,0.3258785942492013
2024-12-02,Greed,Extreme Greed,80,18489.604313,147.88781359,270,110,112,2167.568740740741,585243.56,157,111,8,18341.71649941,98.21428571428571,1.4144144144144144
2024-12-03,Greed,Extreme Greed,76,23576.539285,330.57309170999997,374,161,177,2900.177887700535,1084666.53,222,152,8,23245.966193289998,90.96045197740112,1.4605263157894737
2024-12-04,Greed,Extreme Greed,78,292891.815021,172.60641765,319,148,166,2411.5600313479626,769287.65,86,232,7,292719.20860335,89.1566265060241,0.3706896551724138
2024-12-05,Greed,Extreme Greed,84,71574.11848800001,352.76572323,456,193,205,2756.0324342105264,1256750.79,100,356,8,71221.35276477001,94.14634146341463,0.2808988764044944
2024-12-06,Greed,Greed,72,-92624.643895,691.99378587,403,94,137,8612.950918114144,3471019.22,131,272,10,-93316.63768087,68.61313868613139,0.48161764705882354
2024-12-07,Greed,Extreme Greed,75,85906.279067,108.4520379,304,131,142,1485.965197368421,451733.42,21,282,6,85797.8270291,92.25352112676056,0.07446808510638298
2024-12-08,Greed,Extreme Greed,79,15965.933436,234.17888346,420,152,156,2221.2850476190474,932939.72,31,389,6,15731.75455254,97.43589743589743,0.07969151670951156
2024-12-09,Greed,Extreme Greed,78,6310.967676,174.77343643,539,172,178,1825.5096103896105,983949.68,315,224,10,6136.19423957,96.62921348314607,1.40625
2024-12-10,Greed,Extreme Greed,78,39325.770231,453.54068535,1596,937,1123,1973.94992481203,3150424.08,460,1135,11,38872.22954565,83.43722172751559,0.4052863436123348
2024-12-11,Greed,Greed,74,319051.554217,413.50923006,1221,870,882,1796.9683292383293,2194098.33,141,1080,12,318638.04498694005,98.63945578231292,0.13055555555555556
2024-12-12,Greed,Extreme Greed,83,599151.795008,698.96545151,1932,1352,1417,2358.7939285714288,4557189.87,363,1571,14,598452.82955649,95.41284403669725,0.2310630171865054
2024-12-13,Greed,Extreme Greed,76,31935.901745,453.22737636,1173,471,489,2455.9459846547315,2880824.64,833,340,11,31482.67436864,96.31901840490798,2.45
2024-12-14,Greed,Extreme Greed,83,167801.399244,232.09144503,1235,585,602,1918.6735060728743,2369561.78,843,391,12,167569.30779897,97.17607973421927,2.156010230179028
2024-12-15,Greed,Extreme Greed,80,97525.315279,231.33057037999998,1697,417,469,1522.256812021214,2583269.81,1362,335,15,97293.98470862,88.91257995735607,4.065671641791044
2024-12-16,Greed,Extreme Greed,83,166774.344133,402.150056,1055,535,546,2597.9231943127966,2740808.97,528,523,13,166372.194077,97.98534798534799,1.0095602294455066
2024-12-17,Greed,Extreme Greed,87,219591.305172,746.14038598,1941,847,873,2696.3408706852138,5233597.63,1045,893,16,218845.16478602,97.0217640320733,1.1702127659574468
2024-12-18,Greed,Extreme Greed,81,13682.994673,691.44797021,1429,523,743,2658.423421973408,3798887.07,666,760,13,12991.54670279,70.39030955585464,0.8763157894736842
2024-12-19,Greed,Extreme Greed,75,62744.004486000005,1056.23317908,3339,2053,2196,2468.316678646301,8241709.39,1528,1810,13,61687.77130692,93.48816029143899,0.8441988950276244
2024-12-20,Greed,Greed,74,254969.660039,1210.83830578,2488,1383,1479,3087.3290635048234,7681274.71,1142,1344,15,253758.82173322001,93.50912778904666,0.8497023809523809
2024-12-21,Greed,Greed,73,150022.163157,680.39159713,1681,924,934,2607.302272456871,4382875.12,678,1003,8,149341.77155987002,98.92933618843684,0.6759720837487537
2024-12-22,Greed,Greed,73,352197.163973,333.05684453,774,337,353,3988.7858139534887,3087320.22,359,415,8,351864.10712847003,95.46742209631728,0.8650602409638555
2024-12-23,Greed,Greed,70,-29430.626577,1200.89694657,2347,681,1404,2885.333728163613,6771878.26,719,1628,14,-30631.52352357,48.504273504273506,0.4416461916461916
2024-12-24,Greed,Greed,73,14813.780116,386.78244023,338,114,171,5227.917485207101,1767036.11,90,237,11,14426.99767577,66.66666666666666,0.379746835443038
2024-12-25,Greed,Greed,73,756.6570469999998,66.51878221999999,208,63,82,1672.5449519230767,347889.35,59,148,6,690.1382647799999,76.82926829268293,0.39864864864864863
2024-12-26,Greed,Extreme Greed,79,60228.639722,523.35899848,697,358,371,3163.9062410329984,2205242.65,233,464,7,59705.28072352,96.49595687331536,0.5021551724137931
2024-12-27,Greed,Greed,74,2672.811035,88.5556466,260,110,116,1338.126923076923,347913.0,71,188,7,2584.2553884000004,94.82758620689656,0.3776595744680851
2024-12-28,Greed,Greed,72,940.673623,48.40849263,161,37,46,1748.7888819875777,281555.01,39,122,7,892.2651303700001,80.43478260869566,0.319672131147541
2024-12-29,Greed,Greed,73,2884.067927,72.1173571,201,64,64,1714.5698507462685,344628.54,22,179,7,2811.9505699,100.0,0.12290502793296089
2024-12-30,Greed,Greed,65,9009.738137,284.90632048,304,120,122,3532.453059210526,1073865.73,158,147,9,8724.83181652,98.36065573770492,1.0748299319727892
2024-12-31,Greed,Greed,64,5445.01281,266.51641113,306,92,100,2866.551045751634,877164.62,198,108,6,5178.49639887,92.0,1.8333333333333333
2025-01-01,Greed,Greed,66,-9528.065345,31.60438221,96,29,30,2943.5635416666664,282582.1,48,48,6,-9559.669727210001,96.66666666666667,1.0
2025-01-02,Greed,Greed,70,8716.519087,176.13969323,361,165,168,2145.9136842105263,774674.84,96,266,9,8540.379393770001,98.21428571428571,0.3609022556390977
2025-01-03,Greed,Greed,74,6028.486793,210.99783681,508,138,163,1518.1279330708662,771208.99,134,375,9,5817.48895619,84.66257668711657,0.35733333333333334
2025-01-04,Greed,Greed,73,2553.537968,233.711971,371,75,85,4921.912722371967,1826029.6199999999,55,316,9,2319.825997,88.23529411764706,0.17405063291139242
2025-01-05,Greed,Greed,72,3187.719363,139.34161097,239,100,104,1890.977280334728,451943.57,29,209,8,3048.37775203,96.15384615384616,0.13875598086124402
2025-01-06,Greed,Extreme Greed,76,6064.185393,174.93108825,573,89,121,971.2512914485166,556526.99,97,476,7,5889.254304749999,73.55371900826447,0.20378151260504201
2025-01-07,Greed,Extreme Greed,78,16098.227531,303.38645263,637,485,500,2061.504081632653,1313178.1,84,554,6,15794.84107837,97.0,0.15162454873646208
2025-01-08,Greed,Greed,70,130117.090554,696.91291038,1039,386,422,3058.0126852743024,3177275.18,610,432,11,129420.17764362,91.4691943127962,1.412037037037037
2025-01-09,Greed,Greed,69,46975.928902,275.51377943,522,145,169,1955.427681992337,1020733.25,246,277,7,46700.41512257,85.79881656804734,0.8880866425992779
2025-01-10,Neutral,Neutral,50,-10116.875552,2094.17917505,819,432,488,7994.444053724053,6547449.68,594,229,7,-12211.05472705,88.52459016393442,2.593886462882096
2025-01-11,Greed,Greed,69,2269.080536,494.64797735,283,69,88,5859.006042402827,1658098.71,205,79,7,1774.43255865,78.4090909090909,2.5949367088607596
2025-01-12,Greed,Greed,62,5742.241803,612.0827527,602,472,475,3751.59330564784,2258459.17,521,80,7,5130.1590503,99.36842105263159,6.5125
2025-01-13,Greed,Greed,61,9655.429352,863.10012478,408,158,166,7197.666691176471,2936648.0100000002,334,73,11,8792.32922722,95.18072289156626,4.575342465753424
2025-01-14,Greed,Greed,63,16069.512355,240.59104948,275,137,141,3187.5708,876581.97,107,168,9,15828.921305520002,97.16312056737588,0.6369047619047619
2025-01-15,Greed,Greed,70,14819.5883,513.60899482,267,123,139,6747.565131086143,1801599.8900000001,108,161,11,14305.979305179999,88.48920863309353,0.6708074534161491
2025-01-16,Greed,Extreme Greed,75,20807.709328,890.56916796,371,127,141,8220.196657681941,3049692.96,136,234,9,19917.140160040002,90.0709219858156,0.5811965811965812
2025-01-17,Greed,Extreme Greed,75,7006.415608,351.41464889,238,126,127,4664.8338655462185,1110230.46,101,137,8,6655.000959110001,99.21259842519686,0.7372262773722628
2025-01-18,Greed,Extreme Greed,77,443.2330819999997,815.9342014599999,651,248,280,4165.330076804916,2711629.88,243,407,12,-372.70111946000026,88.57142857142857,0.597051597051597
2025-01-19,Greed,Extreme Greed,77,87923.799302,2162.35563971,1567,317,434,6199.8821314613915,9715215.3,776,790,15,85761.44366229,73.04147465437788,0.9822784810126582
2025-01-20,Greed,Extreme Greed,76,87277.239173,2207.65981966,1315,687,808,6302.149817490495,8287327.01,808,507,15,85069.57935334,85.02475247524752,1.593688362919132
2025-01-21,Greed,Extreme Greed,76,11077.839421,398.3042653,530,205,214,2874.961924528302,1523729.82,129,400,8,10679.535155700001,95.7943925233645,0.3225
2025-01-22,Greed,Extreme Greed,84,20524.408057,471.17013976,832,234,296,2137.5077283653845,1778406.43,366,466,10,20053.23791724,79.05405405405406,0.7854077253218884
2025-01-23,Greed,Extreme Greed,75,101256.24216,1088.34986968,1218,805,847,3035.3273070607556,3697028.66,619,600,12,100167.89229032,95.0413223140496,1.0316666666666667
2025-01-24,Greed,Extreme Greed,75,10602.779738,338.6436011,874,488,499,1843.7453661327231,1611433.45,457,415,11,10264.136136899999,97.79559118236473,1.1012048192771084
2025-01-25,Greed,Extreme Greed,75,-10348.016255999999,318.93376206,506,141,170,2449.363043478261,1239377.7,325,181,11,-10666.950018059999,82.94117647058825,1.7955801104972375
2025-01-26,Greed,Greed,73,40823.466668,382.25815423,451,196,206,2663.3562305986693,1201173.66,137,315,7,40441.20851377,95.14563106796116,0.43492063492063493
2025-01-27,Greed,Greed,71,41331.765392,406.25916743,773,368,400,1950.8775032341528,1508028.31,491,282,15,40925.50622457,92.0,1.7411347517730495
2025-01-28,Greed,Greed,72,17979.613973,124.71028463,498,313,328,1163.4782530120483,579412.17,210,284,8,17854.90368837,95.42682926829268,0.7394366197183099
2025-01-29,Greed,Greed,72,23421.01147,612.52114509,910,379,393,2085.1795714285713,1897513.41,189,721,9,22808.490324910003,96.43765903307889,0.2621359223300971
2025-01-30,Greed,Greed,70,23097.471385,874.65111573,1067,370,423,2825.114498594189,3014397.17,246,821,11,22222.82026927,87.47044917257683,0.29963459196102316
2025-01-31,Greed,Extreme Greed,76,35868.296773,670.93805151,1016,550,586,2739.578228346457,2783411.48,407,609,11,35197.35872149,93.85665529010238,0.6683087027914614
2025-02-01,Greed,Greed,68,32300.205017,285.47738189,634,378,398,2151.019621451104,1363746.44,229,405,12,32014.72763511,94.9748743718593,0.5654320987654321
2025-02-02,Greed,Greed,60,162854.759623,1184.12208921,1319,473,529,4291.957763457164,5661092.29,879,440,13,161670.63753379,89.413988657845,1.9977272727272728
2025-02-03,Fear,Fear,44,348871.326269,2991.56562406,2380,1103,1338,9492.815701680673,22592901.37,1329,1052,12,345879.76064494,82.43647234678625,1.2633079847908746
2025-02-04,Greed,Greed,72,416876.88812,3853.77856394,2512,695,797,6241.404964171974,15678409.27,964,1548,13,413023.10955606,87.20200752823087,0.6227390180878553
2025-02-05,Neutral,Neutral,54,56706.235562,1335.74961667,1297,417,507,6741.1191287586735,8743231.51,649,648,11,55370.48594533,82.24852071005917,1.001543209876543
2025-02-06,Neutral,Neutral,49,33803.799733,709.13035861,1703,785,829,1655.0257604227834,2818508.87,1113,593,11,33094.66937439,94.69240048250904,1.8768971332209106
2025-02-07,Fear,Fear,44,22450.002091,738.0892383400001,1524,430,537,2270.5141338582675,3460263.54,1312,213,13,21711.91285266,80.07448789571696,6.15962441314554
2025-02-08,Fear,Fear,44,586.703253,109.97628618,575,110,122,1460.4086434782607,839734.97,542,33,10,476.72696682000003,90.1639344262295,16.424242424242426
2025-02-09,Neutral,Neutral,46,150551.829492,427.36182496,764,329,334,3823.19332460733,2920919.7,217,547,12,150124.46766703998,98.50299401197606,0.396709323583181
2025-02-10,Fear,Fear,43,63908.49465,491.3623421,889,425,462,4077.5685489313837,3624958.44,497,392,14,63417.1323079,91.991341991342,1.2678571428571428
2025-02-11,Neutral,Neutral,47,-6093.784817,476.43012785,848,185,326,3298.990766509434,2797544.17,422,426,12,-6570.2149448499995,56.74846625766872,0.9906103286384976
2025-02-12,Neutral,Neutral,46,19848.635032,1099.15503114,1031,477,557,4019.3739476236665,4143974.54,656,374,12,18749.48000086,85.63734290843806,1.7540106951871657
2025-02-13,Neutral,Neutral,50,27829.534238,823.48748402,1370,641,657,2335.6585474452554,3199852.21,790,580,11,27006.04675398,97.56468797564688,1.3620689655172413
2025-02-14,Neutral,Neutral,48,213860.675308,961.57771575,1655,710,802,2421.210525679758,4007103.42,541,1116,15,212899.09759225,88.5286783042394,0.48476702508960573
2025-02-15,Neutral,Neutral,50,45042.92701,374.08731802,932,401,417,1837.8250536480687,1712852.95,686,247,12,44668.83969198,96.1630695443645,2.777327935222672
2025-02-16,Neutral,Neutral,54,2369.478425,171.57200528,681,300,349,1183.8144493392072,806177.64,362,319,10,2197.9064197199996,85.95988538681948,1.134796238244514
2025-02-17,Neutral,Neutral,51,1818.573295,253.48675564,941,211,242,2158.3896280552603,2031044.64,700,241,9,1565.08653936,87.19008264462809,2.904564315352697
2025-02-18,Neutral,Neutral,47,91204.672403,609.53940291,1676,858,930,2011.413293556086,3371128.68,898,779,11,90595.13300009,92.25806451612904,1.152759948652118
2025-02-19,Fear,Fear,44,14985.794701,688.4874495,1361,582,640,2398.185334313005,3263930.24,764,597,10,14297.3072515,90.9375,1.2797319932998326
2025-02-20,Neutral,Neutral,49,46008.794102,1232.46402475,2012,964,992,2300.5016351888667,4628609.29,1458,555,11,44776.33007725,97.17741935483872,2.627027027027027
2025-02-21,Greed,Greed,55,119693.49395,829.71831377,1873,978,1012,2120.747399893219,3972159.88,1245,628,14,118863.77563623,96.6403162055336,1.982484076433121
2025-02-22,Neutral,Neutral,49,25278.704178,880.16463397,686,341,352,4629.111078717201,3175570.2,365,322,10,24398.53954403,96.875,1.1335403726708075
2025-02-23,Neutral,Neutral,50,10656.934251,230.00271917,520,234,243,2194.8283461538463,1141310.74,277,243,12,10426.931531830001,96.29629629629629,1.139917695473251
2025-02-24,Neutral,Neutral,49,38470.176242,2097.96443324,5616,2228,2527,1998.5077617521367,11223619.59,5205,411,14,36372.21180876,88.16778789077958,12.664233576642335
2025-02-25,Fear,Fear,25,204762.177034,3186.61506431,6246,1628,2141,3108.3868651937237,19414984.36,4668,1581,18,201575.56196969,76.03923400280243,2.952561669829222
2025-02-26,Fear,Extreme Fear,21,63229.063129,754.17254667,1176,789,850,4206.597049319727,4946958.13,653,524,13,62474.89058233,92.82352941176471,1.2461832061068703
2025-02-27,Fear,Extreme Fear,10,-36525.167517,512.14597331,890,247,420,2247.0768876404495,1999898.43,101,790,9,-37037.31349031,58.80952380952381,0.12784810126582277
2025-02-28,Fear,Extreme Fear,16,225628.108748,878.39826396,1019,396,409,4046.7721000981355,4123660.77,521,500,13,224749.71048404,96.82151589242054,1.042
2025-03-01,Fear,Extreme Fear,20,10596.108968,37.06354539,174,78,84,1516.230632183908,263824.13,77,96,5,10559.045422610001,92.85714285714286,0.8020833333333334
2025-03-02,Fear,Fear,26,66914.320708,1931.69694201,532,267,281,12144.452518796992,6460848.74,380,155,10,64982.62376599,95.01779359430606,2.4516129032258065
2025-03-03,Fear,Fear,33,616413.032233,1040.56404242,1482,912,945,5563.151403508772,8244590.38,534,950,14,615372.46819058,96.5079365079365,0.5621052631578948
2025-03-04,Fear,Extreme Fear,15,182075.566585,2220.33648528,2402,609,818,4631.24360949209,11124247.15,2030,372,16,179855.23009972,74.44987775061125,5.456989247311828
2025-03-05,Fear,Extreme Fear,20,269328.365917,2321.32151085,1660,1259,1279,5538.345915662651,9193654.22,1385,276,13,267007.04440615,98.43627834245504,5.018115942028985
2025-03-06,Fear,Fear,25,16101.125561,1306.61716326,760,365,382,8901.743368421052,6765324.96,430,330,12,14794.50839774,95.54973821989529,1.303030303030303
2025-03-07,Fear,Fear,34,150236.061627,4916.50104687,2552,1333,1431,7779.888510971787,19854275.48,2248,309,14,145319.56058013,93.15164220824597,7.275080906148867
2025-03-08,Fear,Fear,28,24700.773359,208.339773,529,301,303,1686.3582419659735,892083.51,356,175,13,24492.433586,99.33993399339934,2.0342857142857143
2025-03-09,Fear,Fear,27,19773.457395,2377.0639268,1422,627,627,7327.495070323488,10419697.99,1054,368,12,17396.3934682,100.0,2.864130434782609
2025-03-10,Fear,Extreme Fear,20,-10010.027269999999,3488.37247123,2911,1157,1334,5775.263029886637,16811790.68,2694,217,14,-13498.399741229998,86.73163418290855,12.414746543778802
2025-03-11,Fear,Extreme Fear,24,-76880.729036,2441.08024204,3286,616,1197,4265.657970176507,14016952.09,2462,825,16,-79321.80927804,51.461988304093566,2.9842424242424244
2025-03-12,Fear,Fear,34,288105.984215,3658.41357197,3968,2240,2333,4692.071358366935,18618139.15,3270,698,13,284447.57064303,96.01371624517789,4.684813753581662
2025-03-13,Neutral,Neutral,45,14114.870873,809.18670717,962,440,490,3415.375488565489,3285591.22,857,106,13,13305.68416583,89.79591836734694,8.084905660377359
2025-03-14,Fear,Fear,27,68646.160089,1193.48707492,2210,1887,1922,3641.261158371041,8047187.16,2017,192,10,67452.67301407999,98.1789802289282,10.505208333333334
2025-03-15,Neutral,Neutral,46,78694.624572,574.332888,261,155,189,9025.86030651341,2355749.54,79,184,8,78120.291684,82.01058201058201,0.42934782608695654
2025-03-16,Fear,Fear,30,-7910.943544999999,2442.48300218,530,123,220,19222.49341509434,10187921.51,289,241,8,-10353.426547179999,55.90909090909091,1.1991701244813278
2025-03-17,Fear,Fear,32,26163.906513,807.74000798,920,417,483,3905.320706521739,3592895.05,461,459,11,25356.166505020003,86.33540372670807,1.0043572984749456
2025-03-18,Fear,Fear,34,72322.788824,857.936131,834,188,246,4856.901043165468,4050655.47,396,440,13,71464.85269300001,76.42276422764228,0.9
2025-03-19,Fear,Fear,32,29374.682341,784.4900710184,1612,671,775,2852.8620161290323,4598813.57,1139,474,12,28590.1922699816,86.58064516129032,2.4029535864978904
2025-03-20,Neutral,Neutral,49,10246.859436,329.235446,771,315,440,2143.0063942931256,1652257.93,589,183,13,9917.62399,71.5909090909091,3.2185792349726774
2025-03-21,Fear,Fear,31,6951.270374,633.46068283,698,349,349,3644.560730659026,2543903.39,649,49,9,6317.8096911699995,100.0,13.244897959183673
2025-03-22,Fear,Fear,32,12498.535254,268.83480197,535,254,331,1816.4662056074767,971809.42,98,437,8,12229.70045203,76.73716012084593,0.2242562929061785
2025-03-23,Fear,Fear,30,14047.421585,597.21601403,447,146,146,5802.057427293064,2593519.67,282,165,10,13450.20557097,100.0,1.709090909090909
2025-03-24,Neutral,Neutral,45,107878.961301,531.10535137,1027,632,671,2938.254186952288,3017587.05,456,571,13,107347.85594963,94.18777943368107,0.7985989492119089
2025-03-25,Neutral,Neutral,46,32030.90678,1401.35398577,791,286,390,6792.060391908975,5372519.77,626,165,13,30629.55279423,73.33333333333333,3.793939393939394
2025-03-26,Neutral,Neutral,47,15802.167427,1796.80351609,3102,841,1618,2449.30830754352,7597754.37,2029,1079,17,14005.36391091,51.977750309023484,1.8804448563484708
2025-03-27,Fear,Fear,40,58825.359221,714.0241193,785,262,265,4127.744535031847,3240279.46,381,406,11,58111.3351017,98.86792452830188,0.9384236453201971
2025-03-28,Fear,Fear,44,21337.179335,389.28339505,728,231,234,2037.2151236263737,1483092.61,559,169,11,20947.89593995,98.71794871794873,3.3076923076923075
2025-03-29,Fear,Fear,26,12098.872931,839.84451462,1894,674,940,1936.7221911298839,3668151.83,1738,156,10,11259.02841638,71.70212765957447,11.14102564102564
2025-03-30,Fear,Fear,32,15795.11514,759.07175327,568,94,106,5019.146056338028,2850874.96,539,28,9,15036.04338673,88.67924528301887,19.25
2025-03-31,Fear,Fear,34,6978.184557,482.00163111,495,259,292,4373.277717171717,2164772.4699999997,364,131,12,6496.18292589,88.6986301369863,2.7786259541984735
2025-04-01,Fear,Fear,34,-2202.6622420000003,162.93599482,192,88,122,3668.9853645833336,704445.1900000001,114,78,9,-2365.5982368200002,72.1311475409836,1.4615384615384615
2025-04-02,Fear,Fear,44,202212.740938,1181.2230379,1076,963,964,3594.7310408921935,3867930.6,968,109,11,201031.5179001,99.89626556016597,8.880733944954128
2025-04-03,Fear,Fear,25,-2365.961276,1337.1188527,1748,520,634,4960.087614416476,8670233.15,1550,198,17,-3703.0801287,82.01892744479495,7.828282828282828
2025-04-04,Fear,Fear,28,-25515.678949999998,836.063409361,1272,493,689,3015.3661399371067,3835545.73,1013,260,14,-26351.742359360996,71.55297532656023,3.896153846153846
2025-04-05,Fear,Fear,30,35907.33771,282.060344,360,209,215,3521.011722222222,1267564.22,310,49,10,35625.277366,97.20930232558139,6.326530612244898
2025-04-06,Fear,Fear,34,47053.449272,618.4359126335,1048,332,346,3388.59929389313,3551252.06,927,120,14,46435.0133593665,95.95375722543352,7.725
2025-04-07,Fear,Extreme Fear,23,34527.370305,2766.5551014029,2814,673,1263,5138.682707889126,14460253.14,1665,1152,18,31760.815203597096,53.285827395091054,1.4453125
2025-04-08,Fear,Extreme Fear,24,34899.394798,2274.97769106,943,386,461,9405.505196182397,8869391.4,748,195,17,32624.41710694,83.73101952277658,3.835897435897436
2025-04-09,Fear,Extreme Fear,18,43120.444797,6111.274358194,3967,1708,2224,7198.589984875221,28556806.47,1643,2325,20,37009.170438805995,76.79856115107914,0.7066666666666667
2025-04-10,Fear,Fear,39,158261.822261,6868.556500782,2127,1125,1331,13512.90704748472,28741953.29,717,1409,19,151393.265760218,84.5229151014275,0.5088715400993612
2025-04-11,Fear,Fear,25,126406.479081,2174.4390780901,1096,368,453,10327.853166058394,11319327.07,379,717,16,124232.0400029099,81.23620309050773,0.5285913528591353
2025-04-12,Fear,Fear,43,410419.694533,11517.596374457,2109,574,721,26512.383826458037,55914617.49,724,1385,20,398902.098158543,79.6116504854369,0.5227436823104693
2025-04-13,Neutral,Neutral,45,48696.021521,2568.3362202649,1321,478,566,10727.596358819075,14171154.79,584,736,17,46127.6853007351,84.45229681978799,0.7934782608695652
2025-04-14,Fear,Fear,31,45680.443063,2023.157718567,890,376,418,14696.598853932584,13079972.98,586,305,14,43657.285344432996,89.95215311004785,1.9213114754098362
2025-04-15,Fear,Fear,38,72357.706282,1866.90475939,1131,647,652,18348.51303271441,20752168.24,550,580,14,70490.80152261,99.23312883435584,0.9482758620689655
2025-04-16,Fear,Fear,29,58631.730257,5997.61790529,1608,547,807,22700.69396766169,36502715.9,997,611,17,52634.112351710006,67.7819083023544,1.6317512274959083
2025-04-17,Fear,Fear,30,5427.919886,519.20873692,1031,313,369,2526.238128031038,2604551.51,126,907,12,4908.71114908,84.82384823848238,0.13891951488423374
2025-04-18,Fear,Fear,33,4880.4047439999995,4667.32793177,1894,971,992,12994.007634635693,24610650.46,551,1343,12,213.07681222999963,97.88306451612904,0.41027550260610574
2025-04-19,Fear,Fear,32,71950.577495,6480.62633269,2786,814,1022,11739.577426417804,32706462.71,667,2118,15,65469.951162310004,79.6477495107632,0.3149197355996223
2025-04-20,Fear,Fear,37,25060.341936,1887.3296081058,1982,790,962,6118.110015136226,12126094.05,371,1610,12,23173.0123278942,82.12058212058211,0.23043478260869565
2025-04-21,Fear,Fear,39,34369.267906999994,6356.09106388,1718,677,852,24507.598859138536,42104054.84,681,1038,14,28013.176843119996,79.46009389671362,0.6560693641618497
2025-04-22,Neutral,Neutral,47,58652.763578,5749.685751,2998,888,1288,11258.714222815212,33753625.24,528,2469,15,52903.077827,68.94409937888199,0.21385176184690158
2025-04-23,Greed,Greed,72,-419020.225731,7342.08084188,6159,2000,4139,4981.72492125345,30682443.79,1528,4633,19,-426362.30657288,48.32085044696787,0.32980789984891
2025-04-24,Greed,Greed,63,50704.395965,7366.5003199353005,2232,923,1186,15720.841684587815,35088918.64,1632,600,15,43337.8956450647,77.82462057335582,2.72
2025-04-25,Greed,Greed,60,20218.859206,6299.0932547382,1653,638,730,16787.32957047792,27749455.78,431,1220,16,13919.765951261801,87.3972602739726,0.35327868852459016
2025-04-26,Greed,Greed,65,-4125.753942,2652.30675352,1131,195,552,10564.215534924844,11948127.77,401,731,12,-6778.06069552,35.32608695652174,0.5485636114911081
2025-04-27,Greed,Greed,61,2702.067468,55.9267726562,337,120,163,1446.6993768545994,487537.69,292,45,9,2646.1406953438,73.61963190184049,6.488888888888889
2025-04-28,Neutral,Neutral,54,36906.813759,6007.2514035301,1379,575,722,18944.83066715011,26124921.49,1015,364,8,30899.562355469898,79.6398891966759,2.7884615384615383
2025-04-29,Greed,Greed,60,125749.613427,5149.2952871531,2243,969,1034,15198.177289344627,34089511.66,1114,1129,7,120600.3181398469,93.7137330754352,0.9867139061116031
2025-04-30,Greed,Greed,56,14003.797269,2950.1837728755,1113,295,329,11405.10229110512,12693878.85,778,336,8,11053.6134961245,89.66565349544074,2.3154761904761907
2025-05-01,Neutral,Neutral,53,54536.829297000004,2652.6136779658,1230,530,674,8715.642699186992,10720240.52,703,530,11,51884.21561903421,78.63501483679525,1.3264150943396227
